﻿<?xml version="1.0" encoding="utf-8"?>
<DefPackage-SoundDef>

 

<SoundDef>
    
<defName>ShotBlowGun</defName>  
 <context>MapOnly</context>   <eventNames />  
    <maxSimultaneous>1</maxSimultaneous>  
    <subSounds>
      <li>
        <grains>
          <li Class="AudioGrain_Folder">
            <clipFolderPath>BlowGun</clipFolderPath>
          </li>
        </grains>      
        <volumeRange>
          <min>20</min>        
          <max>25</max>
        </volumeRange>      
        <sustainLoop>False</sustainLoop>
      </li>
    </subSounds>
  </SoundDef>

<SoundDef>
    
<defName>ShotShouChong</defName>  
 <context>MapOnly</context>   <eventNames />  
    <maxSimultaneous>1</maxSimultaneous>  
    <subSounds>
      <li>
        <grains>
          <li Class="AudioGrain_Folder">
            <clipFolderPath>ShouChong</clipFolderPath>
          </li>
        </grains>      
        <volumeRange>
          <min>30</min>        
          <max>35</max>
        </volumeRange>      
        <sustainLoop>False</sustainLoop>
      </li>
    </subSounds>
  </SoundDef>

<SoundDef>
    
<defName>ShotHwacha</defName>  
 <context>MapOnly</context>   <eventNames />  
    <maxSimultaneous>1</maxSimultaneous>  
    <subSounds>
      <li>
        <grains>
          <li Class="AudioGrain_Folder">
            <clipFolderPath>Hwacha</clipFolderPath>
          </li>
        </grains>      
        <volumeRange>
          <min>20</min>        
          <max>25</max>
        </volumeRange>      
 <pitchRange>
          <min>0.97</min>        
          <max>1.03</max>
        </pitchRange>       <sustainLoop>False</sustainLoop>
      </li>
    </subSounds>
  </SoundDef>

</DefPackage-SoundDef>