﻿<?xml version="1.0" encoding="utf-8" ?>
<ThingDefs>

  <ThingDef Name="BaseWeaponNeolithic" Abstract="True">
    <category>Item</category>
    <thingClass>ThingWithComps</thingClass>
    <equipmentType>Primary</equipmentType>
    <pathCost>10</pathCost>
    <useHitPoints>True</useHitPoints>
    <selectable>True</selectable>
    <graphicData>
      <onGroundRandomRotateAngle>35</onGroundRandomRotateAngle>
    </graphicData>
    <drawGUIOverlay>true</drawGUIOverlay>
    <statBases>
      <MaxHitPoints>100</MaxHitPoints>
      <Flammability>1.0</Flammability>
      <DeteriorationRate>2</DeteriorationRate>
      <SellPriceFactor>0.5</SellPriceFactor>
    </statBases>
    <altitudeLayer>Item</altitudeLayer>
    <alwaysHaulable>True</alwaysHaulable>
    <tickerType>Never</tickerType>
    <techLevel>Neolithic</techLevel>
    <weaponTags>
      <li>Neolithic</li>
    </weaponTags>
    <thingCategories>
      <li>WeaponsRanged</li>
    </thingCategories>
    <comps>
      <li Class="CompProperties_Forbiddable"/>
      <li>
        <compClass>CompEquippable</compClass>
      </li>
      <li>
        <compClass>CompQuality</compClass>
      </li>
    </comps>
    <recipeMaker>
      <workSpeedStat>SmithingSpeed</workSpeedStat>
      <workSkill>Crafting</workSkill>
      <recipeUsers>
        <li>ElectricSmithy</li>
        <li>FueledSmithy</li>
      </recipeUsers>
      <effectWorking>Smelt</effectWorking>
      <unfinishedThingDef>UnfinishedWeapon</unfinishedThingDef>
    </recipeMaker>
  </ThingDef>

  <ThingDef Name="BaseProjectileNeolithic" Abstract="True">
    <category>Projectile</category>
    <tickerType>Normal</tickerType>
    <altitudeLayer>Projectile</altitudeLayer>
    <thingClass>Bullet</thingClass>
    <label>arrow</label>
    <useHitPoints>False</useHitPoints>
    <neverMultiSelect>True</neverMultiSelect>
    <graphicData>
      <shaderType>Transparent</shaderType>
    </graphicData>
  </ThingDef>

  <ThingDef Name="BaseGrenadeProjectile" Abstract="True">
    <category>Projectile</category>
    <altitudeLayer>Projectile</altitudeLayer>
    <thingClass>Projectile_Explosive</thingClass>
    <label>projectile</label>
    <tickerType>Normal</tickerType>
    <useHitPoints>False</useHitPoints>
    <neverMultiSelect>True</neverMultiSelect>
    <graphicData>
      <shaderType>Transparent</shaderType>
    </graphicData>
    <projectile>
      <speed>12</speed>
      <flyOverhead>false</flyOverhead>
    </projectile>
  </ThingDef>


  <!-- ======================================================== -->

  <ThingDef ParentName="BaseProjectileNeolithic">
    <defName>Arrow_ChuKoNu</defName>
    <label>Chu-Ko-Nu arrow</label>
    <graphicData>
      <texPath>Things/Projectile/Arrow_Small</texPath>
      <graphicClass>Graphic_Single</graphicClass>
    </graphicData>
    <projectile>
      <flyOverhead>false</flyOverhead>
      <damageDef>Arrow</damageDef>
      <DamageAmountBase>5</DamageAmountBase>
      <Speed>39</Speed>
    </projectile>
  </ThingDef>
  <ThingDef ParentName="BaseWeaponNeolithic">
    <defName>Bow_ChuKoNu</defName>
    <label>Chu-Ko-Nu</label>
    <description>The Chu-Ko-Nu is a repeating crossbow invented in China at the end of the second century AD, fires 3 arrows in a burst.</description>
    <graphicData>
      <texPath>Things/Item/Equipment/ChuKoNu</texPath>
      <graphicClass>Graphic_Single</graphicClass>
    </graphicData>
    <soundInteract>BowSmall</soundInteract>
    <costList>
      <WoodLog>75</WoodLog>
    </costList>
    <statBases>
      <WorkToMake>25000</WorkToMake>
      <MarketValue>120</MarketValue>
      <Mass>2.5</Mass>
      <AccuracyTouch>0.89</AccuracyTouch>
      <AccuracyShort>0.63</AccuracyShort>
      <AccuracyMedium>0.37</AccuracyMedium>
      <AccuracyLong>0.12</AccuracyLong>
      <RangedWeapon_Cooldown>1.26</RangedWeapon_Cooldown>
    </statBases>
    <weaponTags>
      <li>NeolithicRanged</li>
      <li>Asian</li>
    </weaponTags>
    <recipeMaker>
      <recipeUsers>
        <li>ElectricSmithy</li>
        <li>FueledSmithy</li>
        <li>CraftingSpot</li>
      </recipeUsers>
    </recipeMaker>
    <verbs>
      <li>
        <verbClass>Verb_Shoot</verbClass>
        <hasStandardCommand>true</hasStandardCommand>
        <projectileDef>Arrow_ChuKoNu</projectileDef>
        <warmupTime>0.7</warmupTime>
        <range>20</range>
        <burstShotCount>3</burstShotCount>
        <ticksBetweenBurstShots>10</ticksBetweenBurstShots>
        <soundCast>BowSmall</soundCast>
      </li>
    </verbs>
  </ThingDef>

  <ThingDef ParentName="BaseProjectileNeolithic">
    <defName>Bullet_ShouChong</defName>
    <label>shou chong bullet</label>
    <graphicData>
      <texPath>Things/Projectile/Bullet_Small</texPath>
      <graphicClass>Graphic_Single</graphicClass>
    </graphicData>
    <projectile>
      <flyOverhead>false</flyOverhead>
      <damageDef>Bullet</damageDef>
      <DamageAmountBase>9</DamageAmountBase>
      <Speed>50</Speed>
    </projectile>
  </ThingDef>
  <ThingDef ParentName="BaseWeaponNeolithic">
    <defName>Gun_ShouChong</defName>
    <label>shou chong</label>
    <description>A shou chong is chinese hand cannon, one of the early forms of firearm. It is possibly the oldest type of small arms, as well as the simplest type of early firearm, as most examples require direct manual external ignition through a touch hole without any form of firing mechanism.</description>
    <graphicData>
      <texPath>Things/Item/Equipment/ShouChong</texPath>
      <graphicClass>Graphic_Single</graphicClass>
    </graphicData>
    <soundInteract>Metal_Drop</soundInteract>
    <costList>
      <Steel>75</Steel>
    </costList>
    <statBases>
      <WorkToMake>25000</WorkToMake>
      <MarketValue>160</MarketValue>
      <Mass>5</Mass>
      <AccuracyTouch>0.89</AccuracyTouch>
      <AccuracyShort>0.63</AccuracyShort>
      <AccuracyMedium>0.37</AccuracyMedium>
      <AccuracyLong>0.12</AccuracyLong>
      <RangedWeapon_Cooldown>1.66</RangedWeapon_Cooldown>
    </statBases>
    <weaponTags>
      <li>NeolithicRanged</li>
      <li>Asian</li>
    </weaponTags>
    <recipeMaker>
      <recipeUsers>
        <li>ElectricSmithy</li>
        <li>FueledSmithy</li>
      </recipeUsers>
    </recipeMaker>
    <verbs>
      <li>
        <verbClass>Verb_Shoot</verbClass>
        <hasStandardCommand>true</hasStandardCommand>
        <projectileDef>Bullet_ShouChong</projectileDef>
        <forcedMissRadius>1</forcedMissRadius>
        <warmupTime>2</warmupTime>
        <range>14</range>
        <ticksBetweenBurstShots>0</ticksBetweenBurstShots>
        <burstShotCount>4</burstShotCount>
        <soundCast>ShotShouChong</soundCast>
        <soundCastTail>GunTail_Heavy</soundCastTail>
        <muzzleFlashScale>9</muzzleFlashScale>
      </li>
    </verbs>
  </ThingDef>

  <ThingDef ParentName="BaseProjectileNeolithic">
    <defName>Arrow_Hwacha</defName>
    <label>hwacha arrow</label>
    <graphicData>
      <texPath>Things/Projectile/Arrow_Hwacha</texPath>
      <graphicClass>Graphic_Single</graphicClass>
    </graphicData>
    <projectile>
      <flyOverhead>true</flyOverhead>
      <damageDef>Arrow</damageDef>
      <DamageAmountBase>12</DamageAmountBase>
      <Speed>35</Speed>
    </projectile>
  </ThingDef>
  <ThingDef ParentName="BaseWeaponNeolithic">
    <defName>Gun_Hwacha</defName>
    <label>hwacha</label>
    <description>A hwacha was a multiple rocket launcher developed by Koreans and deployed in the defence of Korea against Japanese invasion in the 1590s. It had the ability to fire multiple singijeon, a type of fire arrow rocket, at one time.</description>
    <graphicData>
      <texPath>Things/Item/Equipment/Hwacha</texPath>
      <graphicClass>Graphic_Single</graphicClass>
    </graphicData>
    <soundInteract>InteractRifle</soundInteract>
    <costList>
      <WoodLog>150</WoodLog>
    </costList>
    <statBases>
      <WorkToMake>20000</WorkToMake>
      <MarketValue>180</MarketValue>
      <Mass>12.5</Mass>
      <AccuracyTouch>0.89</AccuracyTouch>
      <AccuracyShort>0.63</AccuracyShort>
      <AccuracyMedium>0.37</AccuracyMedium>
      <AccuracyLong>0.12</AccuracyLong>
      <RangedWeapon_Cooldown>3.66</RangedWeapon_Cooldown>
    </statBases>
    <weaponTags>
      <li>NeolithicRanged</li>
      <li>Asian</li>
    </weaponTags>
    <recipeMaker>
      <recipeUsers>
        <li>ElectricSmithy</li>
        <li>FueledSmithy</li>
        <li>CraftingSpot</li>
      </recipeUsers>
    </recipeMaker>
    <verbs>
      <li>
        <verbClass>Verb_Shoot</verbClass>
        <hasStandardCommand>true</hasStandardCommand>
        <projectileDef>Arrow_Hwacha</projectileDef>
        <forcedMissRadius>3.5</forcedMissRadius>
        <warmupTime>3</warmupTime>
        <range>29</range>
        <ticksBetweenBurstShots>7</ticksBetweenBurstShots>
        <burstShotCount>24</burstShotCount>
        <soundCast>ShotHwacha</soundCast>
        <muzzleFlashScale>9</muzzleFlashScale>
      </li>
    </verbs>
  </ThingDef>

  <ThingDef ParentName="BaseProjectileNeolithic">
    <defName>Projectile_Shuriken</defName>
    <label>shuriken</label>
    <graphicData>
      <texPath>Things/Projectile/Shuriken</texPath>
      <graphicClass>Graphic_Flicker</graphicClass>
    </graphicData>
    <projectile>
      <flyOverhead>false</flyOverhead>
      <damageDef>Arrow</damageDef>
      <DamageAmountBase>9</DamageAmountBase>
      <Speed>20</Speed>
    </projectile>
  </ThingDef>
  <ThingDef ParentName="BaseWeaponNeolithic">
    <defName>Shuriken</defName>
    <label>shuriken</label>
    <description>A shuriken is a traditional Japanese concealed weapon that was generally used for throwing, and sometimes stabbing or slashing.</description>
    <graphicData>
      <texPath>Things/Item/Equipment/Shuriken</texPath>
      <graphicClass>Graphic_Single</graphicClass>
    </graphicData>
    <soundInteract>Metal_Drop</soundInteract>
    <costList>
      <Steel>50</Steel>
    </costList>
    <statBases>
      <WorkToMake>30000</WorkToMake>
      <MarketValue>150</MarketValue>
      <Mass>1</Mass>
      <AccuracyTouch>1.00</AccuracyTouch>
      <AccuracyShort>0.70</AccuracyShort>
      <AccuracyMedium>0.35</AccuracyMedium>
      <AccuracyLong>0.05</AccuracyLong>
      <RangedWeapon_Cooldown>0.66</RangedWeapon_Cooldown>
    </statBases>
    <weaponTags>
      <li>NeolithicRanged</li>
      <li>Asian</li>
    </weaponTags>
    <recipeMaker>
      <recipeUsers>
        <li>ElectricSmithy</li>
        <li>FueledSmithy</li>
      </recipeUsers>
    </recipeMaker>
    <verbs>
      <li>
        <verbClass>Verb_Shoot</verbClass>
        <hasStandardCommand>true</hasStandardCommand>
        <projectileDef>Projectile_Shuriken</projectileDef>
        <warmupTime>1.2</warmupTime>
        <range>9</range>
        <soundCast>ThrowGrenade</soundCast>
      </li>
    </verbs>
  </ThingDef>

  <ThingDef ParentName="BaseGrenadeProjectile">
    <defName>Proj_ZhenTianLei</defName>
    <label>Zhen-Tian-Lei</label>
    <graphicData>
      <texPath>Things/Projectile/ZhenTianLei</texPath>
      <graphicClass>Graphic_Single</graphicClass>
    </graphicData>
    <projectile>
      <explosionRadius >1.9</explosionRadius >
      <damageDef>Bomb</damageDef>
      <damageAmountBase>20</damageAmountBase>
      <explosionDelay>100</explosionDelay>
    </projectile>
  </ThingDef>

  <ThingDef ParentName="BaseWeapon">
    <defName>ZhenTianLei</defName>
    <label>Zhen-Tian-Lei</label>
    <description>The Zhen-Tian-Lei, or thunder crash bomb, is an early type of bomb or hand grenade developed in the 12th-13th century Song and Jin-era China. Its shell was made of cast iron and filled with gunpowder.</description>
    <graphicData>
      <texPath>Things/Item/Equipment/ZhenTianLei</texPath>
      <graphicClass>Graphic_Single</graphicClass>
    </graphicData>
    <soundInteract>InteractGrenade</soundInteract>
    <costList>
      <Steel>50</Steel>
    </costList>
    <statBases>
      <WorkToMake>6000</WorkToMake>
      <MarketValue>200</MarketValue>
      <Mass>1.5</Mass>
      <RangedWeapon_Cooldown>3</RangedWeapon_Cooldown>
    </statBases>
    <techLevel>Neolithic</techLevel>
    <weaponTags>
      <li>Neolithic</li>
      <li>NeolithicRanged</li>
      <li>Asian</li>
    </weaponTags>
    <recipeMaker>
      <recipeUsers>
        <li>ElectricSmithy</li>
        <li>FueledSmithy</li>
      </recipeUsers>
    </recipeMaker>
    <thingCategories>
      <li>Grenades</li>
    </thingCategories>
    <verbs>
      <li>
        <label>throw Zhen-Tian-Lei</label>
        <verbClass>Verb_LaunchProjectile</verbClass>
        <hasStandardCommand>true</hasStandardCommand>
        <range>7.9</range>
        <forcedMissRadius>1.5</forcedMissRadius>
        <warmupTime>1.5</warmupTime>
        <noiseRadius>4</noiseRadius>
        <ai_IsBuildingDestroyer>true</ai_IsBuildingDestroyer>
        <soundCast>ThrowGrenade</soundCast>
        <targetParams>
          <canTargetLocations>true</canTargetLocations>
        </targetParams>
        <projectileDef>Proj_ZhenTianLei</projectileDef>
      </li>
    </verbs>
    <smeltProducts>
      <Steel>10</Steel>
    </smeltProducts>
  </ThingDef>

</ThingDefs>


